,Class,ID,Label
0,siren,598,8
1,siren,6130,8
2,siren,2389,8
3,children_playing,5714,2
4,air_conditioner,1714,0
5,engine_idling,5336,5
6,dog_bark,5907,3
7,engine_idling,4461,5
8,air_conditioner,1635,0
9,street_music,1584,9
10,dog_bark,2607,3
11,street_music,6821,9
12,jackhammer,3526,7
13,air_conditioner,4358,0
14,drilling,3416,4
15,dog_bark,6963,3
16,air_conditioner,7455,0
17,siren,2645,8
18,drilling,6900,4
19,car_horn,1078,1
20,engine_idling,1399,5
21,jackhammer,1871,7
22,dog_bark,304,3
23,dog_bark,5927,3
24,siren,3717,8
25,drilling,2466,4
26,drilling,5112,4
27,car_horn,3103,1
28,street_music,4262,9
29,car_horn,571,1
30,siren,1933,8
31,siren,4386,8
32,siren,6104,8
33,air_conditioner,8659,0
34,dog_bark,886,3
35,drilling,2966,4
36,car_horn,1938,1
37,air_conditioner,7618,0
38,air_conditioner,657,0
39,dog_bark,8004,3
40,engine_idling,2237,5
41,street_music,4062,9
42,car_horn,8050,1
43,jackhammer,6938,7
44,street_music,4884,9
45,children_playing,4299,2
46,air_conditioner,776,0
47,street_music,3148,9
48,air_conditioner,7671,0
49,siren,7597,8
50,dog_bark,1118,3
51,drilling,1436,4
52,engine_idling,937,5
53,drilling,333,4
54,gun_shot,6603,6
55,engine_idling,7375,5
56,children_playing,2329,2
57,drilling,8464,4
58,dog_bark,7232,3
59,siren,663,8
60,engine_idling,7336,5
61,jackhammer,2503,7
62,children_playing,7644,2
63,car_horn,645,1
64,jackhammer,6308,7
65,drilling,351,4
66,siren,3519,8
67,air_conditioner,5816,0
68,street_music,925,9
69,air_conditioner,7387,0
70,siren,8477,8
71,street_music,1542,9
72,drilling,7893,4
73,car_horn,5132,1
74,children_playing,1782,2
75,siren,7725,8
76,street_music,7881,9
77,gun_shot,8299,6
78,car_horn,3668,1
79,drilling,817,4
80,children_playing,2785,2
81,drilling,5557,4
82,car_horn,5219,1
83,air_conditioner,3131,0
84,siren,850,8
85,street_music,2702,9
86,children_playing,3400,2
87,engine_idling,3481,5
88,jackhammer,7582,7
89,engine_idling,6977,5
90,engine_idling,6448,5
91,drilling,5528,4
92,air_conditioner,7078,0
93,engine_idling,4138,5
94,children_playing,1842,2
95,air_conditioner,3455,0
96,dog_bark,8485,3
97,jackhammer,7400,7
98,dog_bark,3011,3
99,car_horn,6888,1
100,car_horn,8310,1
101,dog_bark,6446,3
102,siren,1921,8
103,dog_bark,163,3
104,siren,162,8
105,children_playing,7195,2
106,jackhammer,5764,7
107,gun_shot,6141,6
108,street_music,282,9
109,street_music,5533,9
110,engine_idling,6560,5
111,drilling,6376,4
112,car_horn,5865,1
113,dog_bark,7785,3
114,dog_bark,8064,3
115,street_music,8562,9
116,siren,4472,8
117,gun_shot,1425,6
118,street_music,7916,9
119,siren,6224,8
120,air_conditioner,6050,0
121,gun_shot,2950,6
122,siren,524,8
123,street_music,1603,9
124,jackhammer,2401,7
125,air_conditioner,4131,0
126,jackhammer,4824,7
127,siren,629,8
128,siren,0,8
129,air_conditioner,900,0
130,dog_bark,5710,3
131,siren,8603,8
132,siren,3771,8
133,drilling,4331,4
134,jackhammer,3660,7
135,car_horn,4303,1
136,siren,3934,8
137,dog_bark,4075,3
138,siren,8675,8
139,siren,3813,8
140,children_playing,7909,2
141,drilling,840,4
142,dog_bark,5721,3
143,drilling,713,4
144,siren,3721,8
145,siren,3685,8
146,street_music,538,9
147,air_conditioner,8729,0
148,siren,4532,8
149,dog_bark,7952,3
150,street_music,6573,9
151,car_horn,551,1
152,gun_shot,7083,6
153,air_conditioner,3110,0
154,jackhammer,676,7
155,drilling,2918,4
156,air_conditioner,7982,0
157,engine_idling,4562,5
158,street_music,4599,9
159,siren,651,8
160,children_playing,5661,2
161,air_conditioner,2333,0
162,jackhammer,2992,7
163,drilling,6173,4
164,engine_idling,3491,5
165,drilling,7140,4
166,children_playing,5902,2
167,dog_bark,6088,3
168,engine_idling,1916,5
169,jackhammer,8069,7
170,jackhammer,2193,7
171,drilling,2154,4
172,air_conditioner,4490,0
173,engine_idling,543,5
174,children_playing,973,2
175,dog_bark,7338,3
176,jackhammer,730,7
177,drilling,7061,4
178,air_conditioner,6493,0
179,air_conditioner,4770,0
180,jackhammer,5951,7
181,children_playing,2555,2
182,jackhammer,1388,7
183,jackhammer,1235,7
184,air_conditioner,4988,0
185,air_conditioner,7638,0
186,siren,3745,8
187,street_music,1091,9
188,air_conditioner,4800,0
189,gun_shot,3423,6
190,siren,1296,8
191,dog_bark,630,3
192,street_music,8130,9
193,air_conditioner,8416,0
194,siren,7726,8
195,dog_bark,1489,3
196,jackhammer,3932,7
197,gun_shot,5817,6
198,dog_bark,4622,3
199,drilling,1448,4
200,jackhammer,3182,7
201,dog_bark,8726,3
202,car_horn,5426,1
203,gun_shot,5313,6
204,jackhammer,5359,7
205,engine_idling,5465,5
206,children_playing,1014,2
207,jackhammer,1701,7
208,air_conditioner,480,0
209,children_playing,4566,2
210,drilling,3330,4
211,street_music,3075,9
212,siren,2509,8
213,drilling,3225,4
214,gun_shot,1830,6
215,drilling,49,4
216,dog_bark,7890,3
217,jackhammer,4677,7
218,air_conditioner,1385,0
219,drilling,4832,4
220,drilling,4598,4
221,siren,3798,8
222,dog_bark,3726,3
223,street_music,5543,9
224,car_horn,7898,1
225,dog_bark,3507,3
226,engine_idling,1695,5
227,siren,4281,8
228,siren,1879,8
229,drilling,7956,4
230,dog_bark,1337,3
231,car_horn,7399,1
232,street_music,5521,9
233,siren,3871,8
234,drilling,2951,4
235,air_conditioner,2235,0
236,children_playing,87,2
237,street_music,6387,9
238,air_conditioner,7761,0
239,siren,4578,8
240,dog_bark,7522,3
241,jackhammer,6159,7
242,drilling,2353,4
243,siren,5892,8
244,air_conditioner,6436,0
245,street_music,1338,9
246,siren,7361,8
247,children_playing,229,2
248,drilling,7401,4
249,dog_bark,1361,3
250,engine_idling,5659,5
251,air_conditioner,3161,0
252,street_music,5676,9
253,siren,6966,8
254,children_playing,1147,2
255,air_conditioner,7004,0
256,street_music,8200,9
257,jackhammer,1678,7
258,siren,7672,8
259,children_playing,1206,2
260,jackhammer,1228,7
261,street_music,4647,9
262,gun_shot,3194,6
263,engine_idling,6323,5
264,dog_bark,507,3
265,siren,455,8
266,dog_bark,4863,3
267,children_playing,6355,2
268,jackhammer,1841,7
269,air_conditioner,3675,0
270,street_music,1384,9
271,air_conditioner,2586,0
272,street_music,4913,9
273,drilling,3480,4
274,siren,5826,8
275,jackhammer,8401,7
276,drilling,3454,4
277,drilling,6196,4
278,gun_shot,8707,6
279,jackhammer,719,7
280,air_conditioner,3583,0
281,siren,4776,8
282,dog_bark,3591,3
283,engine_idling,2651,5
284,engine_idling,4267,5
285,engine_idling,6395,5
286,car_horn,3806,1
287,dog_bark,2303,3
288,dog_bark,6677,3
289,engine_idling,3071,5
290,engine_idling,7087,5
291,dog_bark,482,3
292,drilling,4359,4
293,siren,757,8
294,children_playing,8268,2
295,air_conditioner,8071,0
296,drilling,612,4
297,drilling,1071,4
298,jackhammer,5045,7
299,engine_idling,7531,5
300,car_horn,2057,1
301,children_playing,8429,2
302,car_horn,8314,1
303,drilling,2946,4
304,street_music,5125,9
305,dog_bark,4204,3
306,street_music,4184,9
307,engine_idling,8727,5
308,dog_bark,7250,3
309,gun_shot,5995,6
310,children_playing,7292,2
311,street_music,2020,9
312,street_music,7468,9
313,street_music,3363,9
314,jackhammer,1347,7
315,air_conditioner,6377,0
316,siren,3138,8
317,siren,6219,8
318,siren,2592,8
319,engine_idling,1085,5
320,car_horn,7747,1
321,jackhammer,6072,7
322,drilling,3540,4
323,siren,5010,8
324,air_conditioner,7918,0
325,air_conditioner,3387,0
326,car_horn,3389,1
327,children_playing,2653,2
328,dog_bark,6772,3
329,drilling,2682,4
330,jackhammer,33,7
331,engine_idling,4839,5
332,jackhammer,121,7
333,engine_idling,6364,5
334,dog_bark,5360,3
335,street_music,2103,9
336,siren,6633,8
337,drilling,3215,4
338,children_playing,821,2
339,jackhammer,7284,7
340,drilling,2382,4
341,jackhammer,363,7
342,dog_bark,796,3
343,gun_shot,7175,6
344,drilling,635,4
345,jackhammer,5640,7
346,siren,1749,8
347,siren,5069,8
348,children_playing,610,2
349,siren,8641,8
350,engine_idling,2987,5
351,jackhammer,8459,7
352,engine_idling,6967,5
353,dog_bark,6769,3
354,jackhammer,5082,7
355,engine_idling,1828,5
356,street_music,7476,9
357,dog_bark,7610,3
358,dog_bark,5013,3
359,car_horn,4481,1
360,gun_shot,6656,6
361,children_playing,485,2
362,car_horn,1615,1
363,siren,5063,8
364,engine_idling,6779,5
365,dog_bark,3001,3
366,jackhammer,2008,7
367,air_conditioner,3355,0
368,siren,4030,8
369,children_playing,4937,2
370,jackhammer,1321,7
371,car_horn,4119,1
372,street_music,3766,9
373,car_horn,7085,1
374,engine_idling,8172,5
375,air_conditioner,3020,0
376,street_music,642,9
377,jackhammer,1558,7
378,dog_bark,7277,3
379,children_playing,8078,2
380,street_music,498,9
381,gun_shot,4943,6
382,air_conditioner,6791,0
383,gun_shot,2930,6
384,dog_bark,167,3
385,siren,8607,8
386,siren,8424,8
387,street_music,5073,9
388,drilling,1761,4
389,children_playing,5893,2
390,jackhammer,5900,7
391,engine_idling,3914,5
392,street_music,450,9
393,siren,1478,8
394,siren,8188,8
395,children_playing,6732,2
396,car_horn,1437,1
397,street_music,38,9
398,engine_idling,2129,5
399,air_conditioner,2125,0
400,engine_idling,26,5
401,dog_bark,5206,3
402,children_playing,8507,2
403,jackhammer,5947,7
404,air_conditioner,1547,0
405,gun_shot,3887,6
406,dog_bark,1515,3
407,children_playing,4904,2
408,jackhammer,2081,7
409,dog_bark,4880,3
410,car_horn,2380,1
411,street_music,4085,9
412,children_playing,5858,2
413,jackhammer,1647,7
414,jackhammer,4682,7
415,drilling,4542,4
416,children_playing,2066,2
417,dog_bark,3399,3
418,engine_idling,5941,5
419,engine_idling,5731,5
420,air_conditioner,4234,0
421,car_horn,4607,1
422,children_playing,881,2
423,air_conditioner,6288,0
424,dog_bark,929,3
425,siren,4164,8
426,children_playing,3529,2
427,street_music,7586,9
428,air_conditioner,5559,0
429,air_conditioner,4991,0
430,engine_idling,6015,5
431,drilling,3046,4
432,children_playing,299,2
433,jackhammer,7074,7
434,gun_shot,7108,6
435,children_playing,1151,2
436,dog_bark,2935,3
437,dog_bark,2623,3
438,drilling,5662,4
439,drilling,1677,4
440,gun_shot,19,6
441,air_conditioner,6392,0
442,siren,4182,8
443,jackhammer,7179,7
444,dog_bark,1521,3
445,children_playing,2218,2
446,gun_shot,790,6
447,children_playing,8058,2
448,dog_bark,5890,3
449,jackhammer,278,7
450,siren,2216,8
451,jackhammer,5188,7
452,gun_shot,2837,6
453,jackhammer,4697,7
454,children_playing,4792,2
455,engine_idling,8511,5
456,car_horn,2113,1
457,children_playing,8013,2
458,children_playing,7743,2
459,air_conditioner,8093,0
460,children_playing,8199,2
461,siren,3501,8
462,dog_bark,426,3
463,jackhammer,7853,7
464,engine_idling,7264,5
465,dog_bark,2865,3
466,car_horn,4721,1
467,engine_idling,8152,5
468,dog_bark,7227,3
469,drilling,1854,4
470,air_conditioner,6234,0
471,street_music,1632,9
472,engine_idling,2494,5
473,jackhammer,6551,7
474,car_horn,6255,1
475,drilling,336,4
476,air_conditioner,2101,0
477,street_music,7768,9
478,engine_idling,7206,5
479,drilling,4096,4
480,street_music,7019,9
481,air_conditioner,1292,0
482,engine_idling,932,5
483,air_conditioner,5887,0
484,jackhammer,7656,7
485,engine_idling,5852,5
486,engine_idling,3613,5
487,street_music,3233,9
488,jackhammer,740,7
489,engine_idling,3642,5
490,car_horn,4883,1
491,siren,1703,8
492,air_conditioner,4754,0
493,engine_idling,7532,5
494,street_music,7432,9
495,dog_bark,1459,3
496,dog_bark,624,3
497,engine_idling,5437,5
498,jackhammer,2418,7
499,engine_idling,1310,5
500,children_playing,2464,2
501,car_horn,365,1
502,air_conditioner,3397,0
503,street_music,4766,9
504,street_music,3293,9
505,jackhammer,3672,7
506,dog_bark,5745,3
507,dog_bark,6244,3
508,dog_bark,8014,3
509,children_playing,438,2
510,dog_bark,7385,3
511,drilling,4767,4
512,dog_bark,6918,3
513,siren,213,8
514,air_conditioner,1237,0
515,gun_shot,1966,6
516,gun_shot,3626,6
517,drilling,4911,4
518,engine_idling,2149,5
519,air_conditioner,226,0
520,engine_idling,2939,5
521,air_conditioner,3603,0
522,street_music,4722,9
523,dog_bark,2489,3
524,dog_bark,160,3
525,drilling,1240,4
526,street_music,7787,9
527,air_conditioner,3437,0
528,jackhammer,3751,7
529,jackhammer,3078,7
530,drilling,4997,4
531,engine_idling,2994,5
532,jackhammer,6117,7
533,street_music,6109,9
534,street_music,2836,9
535,car_horn,652,1
536,air_conditioner,3732,0
537,siren,2921,8
538,drilling,2054,4
539,street_music,3475,9
540,street_music,5154,9
541,street_music,5369,9
542,engine_idling,3354,5
543,air_conditioner,7570,0
544,siren,4476,8
545,siren,6300,8
546,dog_bark,8062,3
547,jackhammer,6621,7
548,car_horn,1516,1
549,gun_shot,2009,6
550,siren,6516,8
551,jackhammer,1704,7
552,siren,4799,8
553,dog_bark,2783,3
554,air_conditioner,1910,0
555,street_music,1083,9
556,engine_idling,1561,5
557,air_conditioner,4400,0
558,air_conditioner,22,0
559,engine_idling,7538,5
560,air_conditioner,7305,0
561,street_music,2428,9
562,children_playing,4803,2
563,dog_bark,1352,3
564,car_horn,8307,1
565,children_playing,7321,2
566,siren,575,8
567,air_conditioner,8515,0
568,air_conditioner,2676,0
569,siren,7367,8
570,engine_idling,5988,5
571,street_music,4672,9
572,engine_idling,1977,5
573,engine_idling,8540,5
574,drilling,4425,4
575,dog_bark,5140,3
576,drilling,2117,4
577,dog_bark,5610,3
578,children_playing,1877,2
579,gun_shot,2914,6
580,air_conditioner,4067,0
581,dog_bark,7997,3
582,air_conditioner,1579,0
583,dog_bark,5724,3
584,drilling,1660,4
585,engine_idling,8076,5
586,gun_shot,3152,6
587,air_conditioner,7051,0
588,siren,8110,8
589,dog_bark,721,3
590,siren,8283,8
591,engine_idling,1935,5
592,jackhammer,5707,7
593,air_conditioner,4840,0
594,street_music,1029,9
595,drilling,6210,4
596,drilling,6542,4
597,air_conditioner,7048,0
598,drilling,6437,4
599,children_playing,484,2
600,car_horn,6235,1
601,dog_bark,7451,3
602,children_playing,8523,2
603,children_playing,4530,2
604,street_music,1339,9
605,drilling,119,4
606,drilling,3930,4
607,gun_shot,7585,6
608,car_horn,8345,1
609,siren,5352,8
610,gun_shot,2445,6
611,jackhammer,2312,7
612,street_music,4827,9
613,street_music,6855,9
614,children_playing,6889,2
615,dog_bark,4921,3
616,drilling,1949,4
617,dog_bark,6999,3
618,children_playing,6739,2
619,drilling,1525,4
620,car_horn,48,1
621,street_music,3803,9
622,street_music,771,9
623,engine_idling,2912,5
624,siren,7711,8
625,dog_bark,8154,3
626,children_playing,4366,2
627,jackhammer,3863,7
628,car_horn,5842,1
629,engine_idling,666,5
630,drilling,554,4
631,car_horn,83,1
632,car_horn,3369,1
633,children_playing,5841,2
634,drilling,7041,4
635,dog_bark,6049,3
636,siren,977,8
637,air_conditioner,1856,0
638,jackhammer,3566,7
639,siren,7980,8
640,children_playing,3510,2
641,engine_idling,6055,5
642,street_music,2898,9
643,car_horn,4993,1
644,jackhammer,8258,7
645,air_conditioner,6793,0
646,gun_shot,5641,6
647,siren,3452,8
648,jackhammer,2578,7
649,air_conditioner,7653,0
650,air_conditioner,324,0
651,street_music,619,9
652,jackhammer,3298,7
653,children_playing,2301,2
654,car_horn,8313,1
655,siren,6189,8
656,dog_bark,4049,3
657,children_playing,6382,2
658,dog_bark,3285,3
659,children_playing,8569,2
660,dog_bark,5854,3
661,dog_bark,3567,3
662,engine_idling,2547,5
663,gun_shot,4426,6
664,engine_idling,2871,5
665,air_conditioner,7525,0
666,dog_bark,2419,3
667,dog_bark,6786,3
668,jackhammer,2238,7
669,street_music,2199,9
670,car_horn,5460,1
671,children_playing,4609,2
672,jackhammer,2162,7
673,children_playing,2779,2
674,car_horn,1937,1
675,gun_shot,854,6
676,street_music,3889,9
677,jackhammer,3092,7
678,engine_idling,2043,5
679,children_playing,4394,2
680,drilling,3332,4
681,dog_bark,951,3
682,engine_idling,3522,5
683,siren,5937,8
684,jackhammer,3486,7
685,children_playing,4311,2
686,car_horn,7260,1
687,air_conditioner,7013,0
688,street_music,4753,9
689,drilling,1664,4
690,street_music,2920,9
691,jackhammer,6631,7
692,drilling,2479,4
693,air_conditioner,1259,0
694,dog_bark,540,3
695,siren,6505,8
696,street_music,1134,9
697,drilling,6901,4
698,car_horn,1794,1
699,air_conditioner,3036,0
700,children_playing,2934,2
701,jackhammer,8681,7
702,dog_bark,930,3
703,gun_shot,3262,6
704,drilling,570,4
705,siren,2463,8
706,engine_idling,6239,5
707,jackhammer,8453,7
708,children_playing,5487,2
709,drilling,6607,4
710,siren,2601,8
711,children_playing,5046,2
712,car_horn,7539,1
713,air_conditioner,7141,0
714,air_conditioner,8432,0
715,siren,7315,8
716,jackhammer,2943,7
717,children_playing,3105,2
718,street_music,7563,9
719,drilling,7081,4
720,drilling,2461,4
721,street_music,8377,9
722,children_playing,4006,2
723,air_conditioner,6339,0
724,drilling,6379,4
725,siren,1719,8
726,dog_bark,772,3
727,air_conditioner,312,0
728,gun_shot,523,6
729,car_horn,6443,1
730,street_music,7362,9
731,gun_shot,4442,6
732,dog_bark,7867,3
733,drilling,1847,4
734,dog_bark,2732,3
735,drilling,6797,4
736,drilling,6729,4
737,jackhammer,6029,7
738,dog_bark,8263,3
739,street_music,2574,9
740,siren,5321,8
741,jackhammer,6527,7
742,gun_shot,6248,6
743,street_music,2974,9
744,car_horn,5291,1
745,air_conditioner,3096,0
746,street_music,6295,9
747,gun_shot,4408,6
748,children_playing,3221,2
749,children_playing,8640,2
750,engine_idling,2980,5
751,street_music,5438,9
752,jackhammer,7213,7
753,street_music,2552,9
754,dog_bark,4055,3
755,car_horn,3758,1
756,siren,843,8
757,engine_idling,1079,5
758,street_music,8691,9
759,dog_bark,6515,3
760,engine_idling,1711,5
761,children_playing,6211,2
762,drilling,1987,4
763,engine_idling,2132,5
764,jackhammer,7100,7
765,dog_bark,4,3
766,engine_idling,2855,5
767,jackhammer,4667,7
768,street_music,8249,9
769,siren,6643,8
770,drilling,6063,4
771,siren,182,8
772,drilling,3702,4
773,jackhammer,2795,7
774,dog_bark,7064,3
775,air_conditioner,1943,0
776,car_horn,7126,1
777,dog_bark,4704,3
778,street_music,1518,9
779,gun_shot,2538,6
780,drilling,4959,4
781,dog_bark,5912,3
782,dog_bark,8260,3
783,street_music,3379,9
784,jackhammer,6282,7
785,dog_bark,4428,3
786,children_playing,360,2
787,drilling,3598,4
788,engine_idling,6971,5
789,air_conditioner,6830,0
790,drilling,4896,4
791,air_conditioner,2195,0
792,engine_idling,6555,5
793,engine_idling,4963,5
794,dog_bark,7566,3
795,drilling,5570,4
796,air_conditioner,8125,0
797,air_conditioner,8208,0
798,dog_bark,4161,3
799,street_music,590,9
800,drilling,7068,4
801,air_conditioner,4301,0
802,engine_idling,3283,5
803,dog_bark,2324,3
804,children_playing,4371,2
805,street_music,6287,9
806,street_music,5871,9
807,air_conditioner,3653,0
808,street_music,8660,9
809,engine_idling,2349,5
810,children_playing,5844,2
811,jackhammer,1956,7
812,children_playing,1869,2
813,street_music,7979,9
814,street_music,2488,9
815,engine_idling,3637,5
816,engine_idling,512,5
817,dog_bark,7249,3
818,dog_bark,7200,3
819,children_playing,1092,2
820,drilling,4236,4
821,gun_shot,6623,6
822,jackhammer,1452,7
823,children_playing,4180,2
824,engine_idling,3861,5
825,street_music,7388,9
826,air_conditioner,2612,0
827,siren,6449,8
828,siren,7843,8
829,drilling,3082,4
830,dog_bark,8264,3
831,car_horn,7151,1
832,dog_bark,6722,3
833,car_horn,2686,1
834,car_horn,7868,1
835,street_music,5081,9
836,drilling,2726,4
837,siren,6856,8
838,air_conditioner,6575,0
839,children_playing,7062,2
840,engine_idling,2567,5
841,jackhammer,3091,7
842,engine_idling,1444,5
843,jackhammer,99,7
844,engine_idling,896,5
845,children_playing,560,2
846,street_music,5088,9
847,dog_bark,236,3
848,dog_bark,8409,3
849,dog_bark,4260,3
850,street_music,7171,9
851,children_playing,4676,2
852,children_playing,3604,2
853,drilling,2269,4
854,engine_idling,3890,5
855,children_playing,342,2
856,dog_bark,5914,3
857,siren,6626,8
858,engine_idling,42,5
859,gun_shot,6206,6
860,dog_bark,2969,3
861,engine_idling,1739,5
862,jackhammer,8205,7
863,car_horn,6082,1
864,siren,286,8
865,air_conditioner,4787,0
866,air_conditioner,1168,0
867,drilling,4279,4
868,children_playing,1874,2
869,jackhammer,7244,7
870,engine_idling,2741,5
871,children_playing,8479,2
872,jackhammer,6263,7
873,engine_idling,5572,5
874,engine_idling,7190,5
875,jackhammer,1768,7
876,drilling,5903,4
877,siren,6496,8
878,jackhammer,6620,7
879,street_music,2455,9
880,children_playing,799,2
881,engine_idling,8090,5
882,siren,5701,8
883,drilling,2849,4
884,air_conditioner,4401,0
885,air_conditioner,6451,0
886,dog_bark,3200,3
887,drilling,6642,4
888,air_conditioner,350,0
889,siren,8353,8
890,car_horn,4041,1
891,jackhammer,4253,7
892,drilling,4134,4
893,dog_bark,2104,3
894,children_playing,5626,2
895,car_horn,5833,1
896,street_music,435,9
897,engine_idling,8282,5
898,siren,643,8
899,drilling,7818,4
900,air_conditioner,3657,0
901,siren,1226,8
902,dog_bark,6357,3
903,jackhammer,2004,7
904,children_playing,4083,2
905,jackhammer,2787,7
906,children_playing,3561,2
907,children_playing,8635,2
908,jackhammer,3353,7
909,dog_bark,3924,3
910,children_playing,2421,2
911,air_conditioner,3728,0
912,siren,2570,8
913,air_conditioner,3838,0
914,drilling,7929,4
915,street_music,7105,9
916,street_music,6878,9
917,street_music,3413,9
918,gun_shot,1471,6
919,street_music,2150,9
920,jackhammer,3741,7
921,children_playing,2677,2
922,jackhammer,8167,7
923,dog_bark,5361,3
924,drilling,8259,4
925,dog_bark,4583,3
926,jackhammer,445,7
927,street_music,7795,9
928,jackhammer,6181,7
929,air_conditioner,4612,0
930,siren,3172,8
931,jackhammer,8171,7
932,siren,2205,8
933,children_playing,3246,2
934,dog_bark,6310,3
935,jackhammer,5248,7
936,engine_idling,4879,5
937,car_horn,1550,1
938,dog_bark,7471,3
939,dog_bark,4786,3
940,children_playing,1289,2
941,gun_shot,35,6
942,jackhammer,4881,7
943,drilling,8519,4
944,jackhammer,5800,7
945,jackhammer,6021,7
946,car_horn,6153,1
947,engine_idling,4714,5
948,children_playing,67,2
949,car_horn,954,1
950,street_music,7197,9
951,children_playing,2126,2
952,air_conditioner,5472,0
953,siren,3682,8
954,engine_idling,1483,5
955,children_playing,4789,2
956,children_playing,5055,2
957,dog_bark,7776,3
958,engine_idling,2470,5
959,engine_idling,6347,5
960,car_horn,5783,1
961,drilling,8605,4
962,siren,4125,8
963,jackhammer,8133,7
964,car_horn,7599,1
965,drilling,8624,4
966,air_conditioner,100,0
967,jackhammer,3859,7
968,car_horn,7870,1
969,drilling,7547,4
970,children_playing,4337,2
971,children_playing,8020,2
972,street_music,1297,9
973,children_playing,5856,2
974,dog_bark,7702,3
975,street_music,65,9
976,jackhammer,2416,7
977,drilling,8143,4
978,dog_bark,8535,3
979,children_playing,3163,2
980,jackhammer,4372,7
981,air_conditioner,780,0
982,engine_idling,6556,5
983,air_conditioner,1546,0
984,jackhammer,4843,7
985,drilling,1472,4
986,engine_idling,8085,5
987,jackhammer,4964,7
988,children_playing,874,2
989,siren,2516,8
990,gun_shot,4349,6
991,children_playing,4640,2
992,children_playing,1633,2
993,street_music,7865,9
994,dog_bark,2168,3
995,dog_bark,4568,3
996,drilling,4793,4
997,engine_idling,8435,5
998,children_playing,5562,2
999,engine_idling,288,5
1000,street_music,5021,9
1001,gun_shot,1496,6
1002,engine_idling,8714,5
1003,jackhammer,6107,7
1004,jackhammer,3538,7
1005,drilling,7006,4
1006,children_playing,3994,2
1007,drilling,4835,4
1008,drilling,6896,4
1009,siren,686,8
1010,jackhammer,7138,7
1011,drilling,898,4
1012,street_music,7596,9
1013,siren,343,8
1014,dog_bark,1805,3
1015,air_conditioner,4094,0
1016,jackhammer,222,7
1017,jackhammer,945,7
1018,street_music,8684,9
1019,drilling,138,4
1020,children_playing,5624,2
1021,dog_bark,8713,3
1022,jackhammer,8518,7
1023,air_conditioner,3151,0
1024,jackhammer,4539,7
1025,engine_idling,5177,5
1026,children_playing,2354,2
1027,siren,8357,8
1028,car_horn,349,1
1029,dog_bark,3409,3
1030,air_conditioner,5432,0
1031,air_conditioner,4970,0
1032,siren,7150,8
1033,street_music,2413,9
1034,jackhammer,5692,7
1035,street_music,7688,9
1036,children_playing,6546,2
1037,siren,5799,8
1038,engine_idling,894,5
1039,gun_shot,2265,6
1040,street_music,1061,9
1041,street_music,7727,9
1042,dog_bark,7981,3
1043,air_conditioner,2928,0
1044,jackhammer,79,7
1045,engine_idling,838,5
1046,air_conditioner,2078,0
1047,air_conditioner,5076,0
1048,gun_shot,7287,6
1049,engine_idling,2915,5
1050,jackhammer,5304,7
1051,street_music,74,9
1052,drilling,2671,4
1053,gun_shot,8008,6
1054,jackhammer,3272,7
1055,air_conditioner,8609,0
1056,air_conditioner,2869,0
1057,jackhammer,1923,7
1058,children_playing,2858,2
1059,street_music,7513,9
1060,engine_idling,3686,5
1061,engine_idling,4805,5
1062,street_music,753,9
1063,drilling,4121,4
1064,jackhammer,2358,7
1065,engine_idling,353,5
1066,siren,4032,8
1067,siren,1623,8
1068,street_music,2152,9
1069,dog_bark,3226,3
1070,air_conditioner,8618,0
1071,street_music,1795,9
1072,air_conditioner,1573,0
1073,children_playing,7779,2
1074,engine_idling,1858,5
1075,air_conditioner,1929,0
1076,siren,4451,8
1077,siren,7838,8
1078,siren,3987,8
1079,street_music,7723,9
1080,drilling,2388,4
1081,children_playing,4286,2
1082,siren,8654,8
1083,air_conditioner,8073,0
1084,siren,5444,8
1085,siren,3074,8
1086,jackhammer,6099,7
1087,dog_bark,8465,3
1088,air_conditioner,2510,0
1089,jackhammer,7891,7
1090,siren,7328,8
1091,car_horn,3676,1
1092,engine_idling,366,5
1093,siren,5512,8
1094,siren,2351,8
1095,jackhammer,3395,7
1096,dog_bark,7965,3
1097,jackhammer,6815,7
1098,children_playing,4320,2
1099,siren,6880,8
1100,dog_bark,3147,3
1101,street_music,3061,9
1102,jackhammer,7503,7
1103,drilling,5382,4
1104,street_music,2209,9
1105,air_conditioner,3896,0
1106,jackhammer,2506,7
1107,engine_idling,7263,5
1108,dog_bark,8620,3
1109,car_horn,4703,1
1110,air_conditioner,7650,0
1111,siren,1958,8
1112,siren,4191,8
1113,street_music,7086,9
1114,street_music,2959,9
1115,dog_bark,2372,3
1116,drilling,6327,4
1117,drilling,2505,4
1118,children_playing,6183,2
1119,engine_idling,5627,5
1120,air_conditioner,2662,0
1121,dog_bark,4595,3
1122,dog_bark,7337,3
1123,street_music,2512,9
1124,jackhammer,556,7
1125,children_playing,4956,2
1126,jackhammer,3929,7
1127,siren,7821,8
1128,children_playing,2580,2
1129,children_playing,1498,2
1130,drilling,3634,4
1131,siren,1908,8
1132,jackhammer,7116,7
1133,siren,2568,8
1134,siren,2010,8
1135,drilling,7358,4
1136,children_playing,7939,2
1137,jackhammer,614,7
1138,street_music,704,9
1139,drilling,3465,4
1140,jackhammer,2163,7
1141,drilling,7700,4
1142,dog_bark,2038,3
1143,air_conditioner,3232,0
1144,street_music,7655,9
1145,street_music,6220,9
1146,children_playing,5922,2
1147,engine_idling,1570,5
1148,drilling,5001,4
1149,drilling,4755,4
1150,dog_bark,5588,3
1151,drilling,1475,4
1152,drilling,1350,4
1153,siren,3388,8
1154,drilling,1149,4
1155,gun_shot,7830,6
1156,car_horn,1551,1
1157,drilling,2909,4
1158,siren,2926,8
1159,car_horn,892,1
1160,dog_bark,6954,3
1161,air_conditioner,4069,0
1162,jackhammer,2498,7
1163,air_conditioner,4450,0
1164,engine_idling,6634,5
1165,siren,2955,8
1166,children_playing,6750,2
1167,air_conditioner,1371,0
1168,engine_idling,7430,5
1169,siren,8247,8
1170,air_conditioner,114,0
1171,dog_bark,7966,3
1172,air_conditioner,4610,0
1173,dog_bark,3150,3
1174,drilling,4968,4
1175,jackhammer,3279,7
1176,dog_bark,1528,3
1177,drilling,2246,4
1178,engine_idling,7788,5
1179,street_music,4515,9
1180,air_conditioner,5199,0
1181,siren,322,8
1182,engine_idling,4004,5
1183,air_conditioner,6609,0
1184,air_conditioner,5264,0
1185,engine_idling,3866,5
1186,jackhammer,7869,7
1187,car_horn,1008,1
1188,drilling,8427,4
1189,jackhammer,5226,7
1190,drilling,8184,4
1191,engine_idling,1602,5
1192,air_conditioner,6583,0
1193,air_conditioner,5699,0
1194,street_music,1000,9
1195,street_music,1217,9
1196,drilling,2188,4
1197,street_music,1,9
1198,siren,683,8
1199,air_conditioner,5347,0
1200,jackhammer,5239,7
1201,siren,7095,8
1202,dog_bark,6452,3
1203,engine_idling,4759,5
1204,dog_bark,7911,3
1205,car_horn,329,1
1206,jackhammer,1183,7
1207,drilling,4525,4
1208,drilling,7796,4
1209,siren,2815,8
1210,gun_shot,383,6
1211,jackhammer,91,7
1212,siren,8632,8
1213,gun_shot,3159,6
1214,engine_idling,6095,5
1215,jackhammer,1271,7
1216,drilling,7683,4
1217,street_music,82,9
1218,engine_idling,5049,5
1219,children_playing,5309,2
1220,air_conditioner,1904,0
1221,jackhammer,3357,7
1222,drilling,8617,4
1223,air_conditioner,5173,0
1224,dog_bark,5546,3
1225,jackhammer,5612,7
1226,drilling,1469,4
1227,engine_idling,1036,5
1228,children_playing,3916,2
1229,street_music,576,9
1230,air_conditioner,5323,0
1231,street_music,4247,9
1232,children_playing,5085,2
1233,drilling,7602,4
1234,air_conditioner,6892,0
1235,jackhammer,2763,7
1236,air_conditioner,8033,0
1237,dog_bark,1076,3
1238,dog_bark,2536,3
1239,street_music,2306,9
1240,children_playing,3474,2
1241,street_music,6017,9
1242,dog_bark,5645,3
1243,street_music,2962,9
1244,jackhammer,3988,7
1245,air_conditioner,811,0
1246,jackhammer,4172,7
1247,engine_idling,2668,5
1248,children_playing,7009,2
1249,air_conditioner,2160,0
1250,dog_bark,906,3
1251,siren,6931,8
1252,children_playing,6763,2
1253,air_conditioner,689,0
1254,siren,6031,8
1255,gun_shot,1667,6
1256,dog_bark,3291,3
1257,jackhammer,6741,7
1258,children_playing,4650,2
1259,drilling,7012,4
1260,dog_bark,8460,3
1261,air_conditioner,5904,0
1262,siren,2335,8
1263,street_music,5476,9
1264,car_horn,3948,1
1265,street_music,4888,9
1266,air_conditioner,4326,0
1267,street_music,4807,9
1268,gun_shot,6826,6
1269,jackhammer,2384,7
1270,siren,430,8
1271,siren,2666,8
1272,siren,4912,8
1273,car_horn,7826,1
1274,jackhammer,3725,7
1275,jackhammer,8558,7
1276,children_playing,5263,2
1277,street_music,4235,9
1278,jackhammer,5035,7
1279,jackhammer,655,7
1280,air_conditioner,2957,0
1281,children_playing,7408,2
1282,car_horn,6691,1
1283,air_conditioner,4917,0
1284,engine_idling,3199,5
1285,jackhammer,1062,7
1286,children_playing,525,2
1287,engine_idling,8500,5
1288,gun_shot,4218,6
1289,air_conditioner,2899,0
1290,car_horn,8590,1
1291,air_conditioner,2293,0
1292,drilling,2229,4
1293,siren,4475,8
1294,children_playing,5556,2
1295,drilling,5034,4
1296,drilling,130,4
1297,car_horn,5524,1
1298,jackhammer,2792,7
1299,dog_bark,5577,3
1300,siren,1157,8
1301,siren,7842,8
1302,siren,211,8
1303,dog_bark,453,3
1304,children_playing,6241,2
1305,gun_shot,1341,6
1306,drilling,3305,4
1307,children_playing,6217,2
1308,drilling,216,4
1309,street_music,5109,9
1310,siren,6318,8
1311,street_music,7463,9
1312,drilling,5623,4
1313,air_conditioner,7060,0
1314,car_horn,5343,1
1315,engine_idling,876,5
1316,engine_idling,8338,5
1317,drilling,3998,4
1318,jackhammer,1674,7
1319,air_conditioner,3449,0
1320,drilling,684,4
1321,jackhammer,3066,7
1322,dog_bark,6566,3
1323,children_playing,8396,2
1324,drilling,4155,4
1325,jackhammer,3278,7
1326,children_playing,1209,2
1327,children_playing,3133,2
1328,dog_bark,8584,3
1329,siren,2687,8
1330,jackhammer,7488,7
1331,jackhammer,6002,7
1332,engine_idling,8484,5
1333,children_playing,2699,2
1334,car_horn,5178,1
1335,car_horn,7565,1
1336,dog_bark,6161,3
1337,air_conditioner,1919,0
1338,siren,3317,8
1339,dog_bark,6923,3
1340,siren,5234,8
1341,children_playing,6719,2
1342,gun_shot,6286,6
1343,children_playing,1098,2
1344,children_playing,6129,2
1345,drilling,4467,4
1346,car_horn,4118,1
1347,siren,6417,8
1348,street_music,7835,9
1349,children_playing,7042,2
1350,drilling,7170,4
1351,engine_idling,4723,5
1352,air_conditioner,5876,0
1353,dog_bark,4106,3
1354,drilling,6703,4
1355,street_music,3840,9
1356,siren,2657,8
1357,jackhammer,1006,7
1358,siren,468,8
1359,dog_bark,8215,3
1360,siren,6898,8
1361,siren,4976,8
1362,drilling,8012,4
1363,children_playing,7242,2
1364,dog_bark,6258,3
1365,drilling,573,4
1366,children_playing,2037,2
1367,siren,2884,8
1368,children_playing,7941,2
1369,air_conditioner,2760,0
1370,engine_idling,3941,5
1371,jackhammer,6572,7
1372,street_music,3294,9
1373,street_music,7376,9
1374,engine_idling,8246,5
1375,street_music,7896,9
1376,street_music,4068,9
1377,drilling,2805,4
1378,street_music,4758,9
1379,jackhammer,6942,7
1380,siren,2186,8
1381,engine_idling,188,5
1382,drilling,688,4
1383,siren,3344,8
1384,jackhammer,1581,7
1385,car_horn,3882,1
1386,jackhammer,2340,7
1387,air_conditioner,3419,0
1388,siren,1982,8
1389,dog_bark,5147,3
1390,dog_bark,8513,3
1391,children_playing,2746,2
1392,engine_idling,3579,5
1393,children_playing,7191,2
1394,car_horn,3042,1
1395,children_playing,7022,2
1396,dog_bark,857,3
1397,air_conditioner,2801,0
1398,car_horn,8440,1
1399,air_conditioner,6976,0
1400,engine_idling,1809,5
1401,dog_bark,4632,3
1402,street_music,3097,9
1403,children_playing,511,2
1404,children_playing,4504,2
1405,jackhammer,6648,7
1406,engine_idling,7211,5
1407,dog_bark,7736,3
1408,jackhammer,1636,7
1409,car_horn,3782,1
1410,dog_bark,2453,3
1411,drilling,8626,4
1412,dog_bark,1082,3
1413,street_music,6266,9
1414,dog_bark,4226,3
1415,gun_shot,4860,6
1416,children_playing,3550,2
1417,children_playing,1497,2
1418,street_music,8470,9
1419,dog_bark,6909,3
1420,dog_bark,5888,3
1421,children_playing,5114,2
1422,air_conditioner,7035,0
1423,siren,8101,8
1424,drilling,8271,4
1425,children_playing,4545,2
1426,siren,1236,8
1427,street_music,2244,9
1428,jackhammer,5268,7
1429,drilling,7279,4
1430,siren,5142,8
1431,air_conditioner,4784,0
1432,siren,6198,8
1433,engine_idling,6151,5
1434,drilling,6664,4
1435,jackhammer,334,7
1436,car_horn,5312,1
1437,street_music,3473,9
1438,air_conditioner,4018,0
1439,drilling,4726,4
1440,gun_shot,7766,6
1441,siren,4432,8
1442,children_playing,1056,2
1443,siren,1863,8
1444,air_conditioner,2425,0
1445,children_playing,6144,2
1446,jackhammer,3364,7
1447,engine_idling,2971,5
1448,jackhammer,477,7
1449,engine_idling,5201,5
1450,air_conditioner,7235,0
1451,street_music,5977,9
1452,engine_idling,1924,5
1453,engine_idling,6771,5
1454,children_playing,2740,2
1455,air_conditioner,8543,0
1456,jackhammer,4197,7
1457,drilling,2756,4
1458,dog_bark,6304,3
1459,car_horn,1925,1
1460,dog_bark,97,3
1461,children_playing,401,2
1462,air_conditioner,6424,0
1463,drilling,3211,4
1464,car_horn,2544,1
1465,street_music,5319,9
1466,gun_shot,3458,6
1467,siren,1816,8
1468,children_playing,7802,2
1469,jackhammer,2070,7
1470,siren,3250,8
1471,dog_bark,4011,3
1472,engine_idling,4190,5
1473,street_music,5279,9
1474,gun_shot,7935,6
1475,children_playing,6910,2
1476,gun_shot,3652,6
1477,air_conditioner,1089,0
1478,drilling,6333,4
1479,dog_bark,7251,3
1480,jackhammer,5680,7
1481,engine_idling,5390,5
1482,engine_idling,1139,5
1483,engine_idling,3509,5
1484,street_music,2531,9
1485,jackhammer,6606,7
1486,siren,3146,8
1487,children_playing,5808,2
1488,jackhammer,178,7
1489,siren,6661,8
1490,air_conditioner,867,0
1491,jackhammer,8335,7
1492,street_music,1191,9
1493,street_music,2769,9
1494,jackhammer,184,7
1495,dog_bark,8419,3
1496,siren,1532,8
1497,children_playing,698,2
1498,engine_idling,3850,5
1499,siren,2828,8
1500,dog_bark,4645,3
1501,children_playing,3848,2
1502,air_conditioner,5174,0
1503,children_playing,7813,2
1504,drilling,5423,4
1505,dog_bark,8185,3
1506,street_music,8428,9
1507,street_music,5642,9
1508,children_playing,7121,2
1509,street_music,6462,9
1510,air_conditioner,1760,0
1511,jackhammer,2368,7
1512,street_music,6748,9
1513,children_playing,8508,2
1514,siren,5594,8
1515,jackhammer,5954,7
1516,air_conditioner,7298,0
1517,jackhammer,4142,7
1518,siren,6137,8
1519,engine_idling,8231,5
1520,drilling,8522,4
1521,children_playing,4966,2
1522,drilling,4965,4
1523,dog_bark,337,3
1524,siren,3969,8
1525,siren,3178,8
1526,dog_bark,2448,3
1527,street_music,4536,9
1528,dog_bark,812,3
1529,air_conditioner,4679,0
1530,children_playing,1517,2
1531,car_horn,4927,1
1532,air_conditioner,7360,0
1533,jackhammer,1055,7
1534,air_conditioner,1970,0
1535,dog_bark,5241,3
1536,jackhammer,6740,7
1537,street_music,5117,9
1538,siren,7472,8
1539,car_horn,5587,1
1540,siren,3978,8
1541,engine_idling,408,5
1542,dog_bark,4324,3
1543,air_conditioner,7040,0
1544,car_horn,5299,1
1545,engine_idling,679,5
1546,jackhammer,1152,7
1547,street_music,2910,9
1548,street_music,2781,9
1549,street_music,6358,9
1550,drilling,990,4
1551,siren,7874,8
1552,street_music,3130,9
1553,dog_bark,7612,3
1554,engine_idling,4169,5
1555,jackhammer,1534,7
1556,air_conditioner,5493,0
1557,drilling,1346,4
1558,street_music,792,9
1559,car_horn,8311,1
1560,siren,6655,8
1561,air_conditioner,5130,0
1562,jackhammer,5976,7
1563,air_conditioner,7876,0
1564,air_conditioner,1256,0
1565,siren,2614,8
1566,siren,3358,8
1567,children_playing,6348,2
1568,dog_bark,5181,3
1569,street_music,798,9
1570,dog_bark,6123,3
1571,drilling,3543,4
1572,siren,2134,8
1573,siren,2960,8
1574,engine_idling,4203,5
1575,children_playing,4122,2
1576,dog_bark,5862,3
1577,dog_bark,3860,3
1578,children_playing,3820,2
1579,gun_shot,8616,6
1580,dog_bark,4616,3
1581,drilling,4736,4
1582,gun_shot,175,6
1583,dog_bark,3068,3
1584,engine_idling,691,5
1585,drilling,8361,4
1586,children_playing,3381,2
1587,air_conditioner,7705,0
1588,air_conditioner,3477,0
1589,jackhammer,6563,7
1590,air_conditioner,4449,0
1591,engine_idling,8048,5
1592,air_conditioner,1927,0
1593,air_conditioner,335,0
1594,children_playing,4826,2
1595,street_music,1301,9
1596,street_music,8095,9
1597,siren,2819,8
1598,children_playing,411,2
1599,engine_idling,2013,5
1600,street_music,5968,9
1601,air_conditioner,6775,0
1602,drilling,8553,4
1603,drilling,3444,4
1604,dog_bark,6911,3
1605,drilling,7018,4
1606,drilling,6119,4
1607,gun_shot,2917,6
1608,engine_idling,5742,5
1609,car_horn,7114,1
1610,drilling,3940,4
1611,street_music,4242,9
1612,street_music,6906,9
1613,jackhammer,5635,7
1614,siren,2198,8
1615,street_music,1745,9
1616,air_conditioner,6531,0
1617,siren,248,8
1618,siren,8486,8
1619,dog_bark,6908,3
1620,drilling,754,4
1621,siren,1242,8
1622,dog_bark,673,3
1623,car_horn,3735,1
1624,street_music,5289,9
1625,air_conditioner,5394,0
1626,air_conditioner,8318,0
1627,siren,2713,8
1628,air_conditioner,1661,0
1629,street_music,118,9
1630,siren,1294,8
1631,siren,2002,8
1632,car_horn,3318,1
1633,car_horn,6497,1
1634,gun_shot,732,6
1635,children_playing,5127,2
1636,jackhammer,4662,7
1637,dog_bark,3885,3
1638,engine_idling,2875,5
1639,jackhammer,2017,7
1640,dog_bark,5068,3
1641,dog_bark,2077,3
1642,children_playing,8100,2
1643,street_music,4902,9
1644,children_playing,2808,2
1645,engine_idling,3708,5
1646,children_playing,3179,2
1647,dog_bark,964,3
1648,siren,7996,8
1649,children_playing,7386,2
1650,siren,1746,8
1651,siren,8180,8
1652,dog_bark,6091,3
1653,car_horn,3842,1
1654,engine_idling,7506,5
1655,street_music,7344,9
1656,street_music,6487,9
1657,jackhammer,4350,7
1658,drilling,7674,4
1659,car_horn,8049,1
1660,street_music,3202,9
1661,engine_idling,2454,5
1662,street_music,6654,9
1663,children_playing,8253,2
1664,children_playing,615,2
1665,dog_bark,3398,3
1666,car_horn,7917,1
1667,siren,5613,8
1668,drilling,4492,4
1669,street_music,646,9
1670,drilling,2730,4
1671,engine_idling,7115,5
1672,air_conditioner,1232,0
1673,jackhammer,8552,7
1674,gun_shot,5378,6
1675,street_music,3143,9
1676,dog_bark,8673,3
1677,children_playing,6459,2
1678,drilling,1751,4
1679,air_conditioner,542,0
1680,air_conditioner,5259,0
1681,children_playing,3062,2
1682,air_conditioner,6502,0
1683,children_playing,5837,2
1684,engine_idling,3420,5
1685,car_horn,4625,1
1686,dog_bark,4683,3
1687,air_conditioner,2067,0
1688,engine_idling,3299,5
1689,dog_bark,2130,3
1690,car_horn,7904,1
1691,siren,2541,8
1692,children_playing,6509,2
1693,car_horn,6172,1
1694,children_playing,3461,2
1695,air_conditioner,2116,0
1696,siren,18,8
1697,street_music,7617,9
1698,children_playing,566,2
1699,siren,4009,8
1700,children_playing,6175,2
1701,children_playing,4014,2
1702,children_playing,3168,2
1703,jackhammer,6629,7
1704,drilling,5084,4
1705,car_horn,4742,1
1706,drilling,7791,4
1707,dog_bark,1702,3
1708,car_horn,6046,1
1709,children_playing,7075,2
1710,engine_idling,2249,5
1711,gun_shot,1973,6
1712,siren,2766,8
1713,jackhammer,7754,7
1714,jackhammer,8717,7
1715,gun_shot,6932,6
1716,engine_idling,459,5
1717,jackhammer,5350,7
1718,dog_bark,5481,3
1719,children_playing,2360,2
1720,street_music,8114,9
1721,street_music,4201,9
1722,jackhammer,2714,7
1723,drilling,6296,4
1724,siren,912,8
1725,drilling,4572,4
1726,air_conditioner,4745,0
1727,street_music,7479,9
1728,children_playing,5734,2
1729,air_conditioner,7510,0
1730,air_conditioner,2378,0
1731,children_playing,4093,2
1732,siren,5638,8
1733,gun_shot,8457,6
1734,siren,5427,8
1735,gun_shot,3196,6
1736,children_playing,6328,2
1737,children_playing,2901,2
1738,engine_idling,3206,5
1739,engine_idling,2282,5
1740,drilling,7611,4
1741,street_music,4327,9
1742,gun_shot,8538,6
1743,siren,4002,8
1744,car_horn,8128,1
1745,children_playing,636,2
1746,engine_idling,8386,5
1747,children_playing,5138,2
1748,jackhammer,3288,7
1749,dog_bark,5996,3
1750,street_music,4486,9
1751,gun_shot,5553,6
1752,engine_idling,4199,5
1753,drilling,887,4
1754,engine_idling,1976,5
1755,air_conditioner,5032,0
1756,street_music,2648,9
1757,street_music,3816,9
1758,drilling,2,4
1759,dog_bark,1881,3
1760,siren,6558,8
1761,children_playing,7634,2
1762,gun_shot,4513,6
1763,children_playing,6608,2
1764,drilling,7721,4
1765,drilling,734,4
1766,siren,7738,8
1767,jackhammer,2744,7
1768,dog_bark,5169,3
1769,dog_bark,8099,3
1770,car_horn,5176,1
1771,siren,2083,8
1772,siren,8266,8
1773,drilling,7478,4
1774,engine_idling,3238,5
1775,dog_bark,8644,3
1776,siren,1218,8
1777,dog_bark,783,3
1778,engine_idling,7262,5
1779,air_conditioner,6321,0
1780,engine_idling,5498,5
1781,dog_bark,5514,3
1782,air_conditioner,561,0
1783,children_playing,7946,2
1784,drilling,6035,4
1785,engine_idling,227,5
1786,engine_idling,437,5
1787,engine_idling,2770,5
1788,dog_bark,4894,3
1789,dog_bark,6781,3
1790,jackhammer,6193,7
1791,street_music,4430,9
1792,street_music,5918,9
1793,children_playing,301,2
1794,siren,8176,8
1795,drilling,3270,4
1796,jackhammer,1612,7
1797,dog_bark,276,3
1798,gun_shot,1656,6
1799,street_music,3596,9
1800,drilling,4952,4
1801,dog_bark,2398,3
1802,jackhammer,1996,7
1803,dog_bark,5385,3
1804,drilling,7639,4
1805,drilling,7882,4
1806,children_playing,3734,2
1807,dog_bark,5962,3
1808,engine_idling,5607,5
1809,street_music,2774,9
1810,siren,7016,8
1811,siren,8243,8
1812,jackhammer,1812,7
1813,dog_bark,8586,3
1814,dog_bark,1728,3
1815,drilling,8174,4
1816,drilling,4823,4
1817,air_conditioner,4852,0
1818,engine_idling,4367,5
1819,dog_bark,1537,3
1820,drilling,6882,4
1821,siren,8462,8
1822,jackhammer,414,7
1823,jackhammer,599,7
1824,children_playing,54,2
1825,gun_shot,8009,6
1826,air_conditioner,6486,0
1827,air_conditioner,5760,0
1828,dog_bark,1789,3
1829,air_conditioner,7377,0
1830,engine_idling,916,5
1831,gun_shot,1727,6
1832,children_playing,2532,2
1833,car_horn,1606,1
1834,drilling,5964,4
1835,street_music,2757,9
1836,engine_idling,1697,5
1837,children_playing,6638,2
1838,air_conditioner,3451,0
1839,drilling,5953,4
1840,drilling,8104,4
1841,jackhammer,1317,7
1842,car_horn,3547,1
1843,children_playing,7091,2
1844,street_music,2632,9
1845,air_conditioner,5691,0
1846,gun_shot,4994,6
1847,engine_idling,3574,5
1848,engine_idling,6891,5
1849,air_conditioner,3337,0
1850,children_playing,1040,2
1851,car_horn,7780,1
1852,children_playing,4362,2
1853,dog_bark,4392,3
1854,siren,3868,8
1855,engine_idling,5625,5
1856,jackhammer,1802,7
1857,siren,4926,8
1858,jackhammer,2036,7
1859,jackhammer,4463,7
1860,jackhammer,4168,7
1861,street_music,695,9
1862,engine_idling,8646,5
1863,dog_bark,5028,3
1864,children_playing,3261,2
1865,drilling,7495,4
1866,street_music,2723,9
1867,jackhammer,3724,7
1868,siren,1994,8
1869,drilling,5653,4
1870,siren,7844,8
1871,air_conditioner,6835,0
1872,siren,8445,8
1873,car_horn,8047,1
1874,gun_shot,1368,6
1875,street_music,1724,9
1876,gun_shot,8703,6
1877,siren,7651,8
1878,children_playing,2709,2
1879,air_conditioner,165,0
1880,street_music,4228,9
1881,car_horn,4665,1
1882,air_conditioner,6764,0
1883,engine_idling,6474,5
1884,engine_idling,368,5
1885,jackhammer,5118,7
1886,gun_shot,3323,6
1887,engine_idling,4046,5
1888,street_music,1200,9
1889,street_music,5171,9
1890,engine_idling,586,5
1891,engine_idling,6726,5
1892,car_horn,3965,1
1893,drilling,7550,4
1894,street_music,7381,9
1895,car_horn,7699,1
1896,street_music,1462,9
1897,street_music,8053,9
1898,car_horn,5739,1
1899,drilling,3227,4
1900,dog_bark,218,3
1901,engine_idling,832,5
1902,engine_idling,6205,5
1903,children_playing,2121,2
1904,dog_bark,4341,3
1905,engine_idling,6530,5
1906,jackhammer,3453,7
1907,drilling,7568,4
1908,drilling,3310,4
1909,street_music,5209,9
1910,street_music,6844,9
1911,jackhammer,3154,7
1912,drilling,839,4
1913,jackhammer,5077,7
1914,air_conditioner,2674,0
1915,engine_idling,7426,5
1916,air_conditioner,4535,0
1917,dog_bark,7998,3
1918,children_playing,6973,2
1919,drilling,6404,4
1920,gun_shot,1189,6
1921,air_conditioner,2620,0
1922,children_playing,1850,2
1923,jackhammer,8705,7
1924,dog_bark,5948,3
1925,engine_idling,7875,5
1926,car_horn,2458,1
1927,jackhammer,5106,7
1928,dog_bark,4974,3
1929,air_conditioner,8582,0
1930,siren,4653,8
1931,jackhammer,2625,7
1932,siren,4487,8
1933,engine_idling,7831,5
1934,gun_shot,5507,6
1935,children_playing,6507,2
1936,siren,385,8
1937,children_playing,7294,2
1938,jackhammer,2427,7
1939,street_music,5202,9
1940,children_playing,4454,2
1941,children_playing,4130,2
1942,car_horn,824,1
1943,street_music,2811,9
1944,drilling,7409,4
1945,jackhammer,8712,7
1946,siren,159,8
1947,jackhammer,6933,7
1948,siren,4431,8
1949,siren,253,8
1950,children_playing,7028,2
1951,jackhammer,5205,7
1952,dog_bark,7020,3
1953,drilling,2145,4
1954,air_conditioner,8695,0
1955,car_horn,8693,1
1956,street_music,1270,9
1957,street_music,6025,9
1958,siren,92,8
1959,engine_idling,4602,5
1960,jackhammer,378,7
1961,gun_shot,12,6
1962,dog_bark,901,3
1963,jackhammer,6191,7
1964,children_playing,6574,2
1965,engine_idling,633,5
1966,siren,3125,8
1967,gun_shot,2089,6
1968,jackhammer,142,7
1969,drilling,123,4
1970,siren,4175,8
1971,drilling,3770,4
1972,street_music,5042,9
1973,air_conditioner,4227,0
1974,siren,2473,8
1975,drilling,470,4
1976,jackhammer,1690,7
1977,jackhammer,7919,7
1978,dog_bark,4895,3
1979,gun_shot,8524,6
1980,jackhammer,3286,7
1981,gun_shot,6012,6
1982,children_playing,522,2
1983,street_music,4076,9
1984,children_playing,6777,2
1985,jackhammer,8597,7
1986,siren,6389,8
1987,air_conditioner,8701,0
1988,air_conditioner,2878,0
1989,street_music,2685,9
1990,street_music,3947,9
1991,air_conditioner,1279,0
1992,engine_idling,7452,5
1993,engine_idling,749,5
1994,car_horn,5815,1
1995,jackhammer,3254,7
1996,dog_bark,1418,3
1997,jackhammer,6947,7
1998,jackhammer,1175,7
1999,drilling,7521,4
2000,engine_idling,7297,5
2001,siren,7715,8
2002,air_conditioner,1043,0
2003,siren,5554,8
2004,air_conditioner,8183,0
2005,dog_bark,15,3
2006,drilling,5119,4
2007,air_conditioner,8042,0
2008,drilling,2637,4
2009,dog_bark,6139,3
2010,car_horn,5669,1
2011,jackhammer,7828,7
2012,children_playing,8084,2
2013,siren,2523,8
2014,car_horn,2690,1
2015,siren,4614,8
2016,jackhammer,5773,7
2017,engine_idling,6570,5
2018,children_playing,2135,2
2019,street_music,8037,9
2020,jackhammer,4077,7
2021,jackhammer,3881,7
2022,drilling,3962,4
2023,engine_idling,3051,5
2024,air_conditioner,5790,0
2025,jackhammer,6715,7
2026,children_playing,305,2
2027,engine_idling,8150,5
2028,drilling,2072,4
2029,engine_idling,7697,5
2030,car_horn,3938,1
2031,engine_idling,17,5
2032,siren,7681,8
2033,dog_bark,3482,3
2034,dog_bark,8189,3
2035,dog_bark,4522,3
2036,dog_bark,2460,3
2037,drilling,7224,4
2038,car_horn,5589,1
2039,street_music,4438,9
2040,car_horn,131,1
2041,engine_idling,3008,5
2042,jackhammer,4162,7
2043,drilling,716,4
2044,street_music,72,9
2045,drilling,1468,4
2046,street_music,4044,9
2047,drilling,6245,4
2048,jackhammer,8233,7
2049,jackhammer,5586,7
2050,air_conditioner,7274,0
2051,dog_bark,5639,3
2052,engine_idling,7694,5
2053,car_horn,3352,1
2054,drilling,6902,4
2055,street_music,3422,9
2056,siren,6903,8
2057,jackhammer,5033,7
2058,air_conditioner,2986,0
2059,drilling,533,4
2060,children_playing,7076,2
2061,street_music,690,9
2062,jackhammer,8542,7
2063,dog_bark,215,3
2064,street_music,8236,9
2065,engine_idling,5074,5
2066,gun_shot,7456,6
2067,street_music,1419,9
2068,drilling,6667,4
2069,street_music,1560,9
2070,car_horn,3033,1
2071,engine_idling,8332,5
2072,drilling,7901,4
2073,gun_shot,1511,6
2074,siren,7256,8
2075,engine_idling,228,5
2076,street_music,8581,9
2077,engine_idling,544,5
2078,jackhammer,4613,7
2079,air_conditioner,3525,0
2080,drilling,5985,4
2081,jackhammer,7751,7
2082,siren,6077,8
2083,engine_idling,7648,5
2084,air_conditioner,4853,0
2085,gun_shot,5158,6
2086,children_playing,1273,2
2087,jackhammer,316,7
2088,engine_idling,1992,5
2089,dog_bark,3407,3
2090,children_playing,8448,2
2091,drilling,239,4
2092,street_music,230,9
2093,drilling,3104,4
2094,drilling,8368,4
2095,engine_idling,6759,5
2096,street_music,330,9
2097,children_playing,5159,2
2098,engine_idling,5315,5
2099,air_conditioner,8111,0
